{
  "0": {
    "precision": 0.9917808219178083,
    "recall": 0.9917808219178083,
    "f1-score": 0.9917808219178083,
    "support": 365.0
  },
  "1": {
    "precision": 0.989247311827957,
    "recall": 1.0,
    "f1-score": 0.9945945945945946,
    "support": 276.0
  },
  "2": {
    "precision": 0.9953703703703703,
    "recall": 0.9907834101382489,
    "f1-score": 0.9930715935334872,
    "support": 217.0
  },
  "3": {
    "precision": 0.9594272076372315,
    "recall": 0.9757281553398058,
    "f1-score": 0.9675090252707582,
    "support": 412.0
  },
  "4": {
    "precision": 0.993920972644377,
    "recall": 0.990909090909091,
    "f1-score": 0.9924127465857361,
    "support": 330.0
  },
  "5": {
    "precision": 0.9831081081081081,
    "recall": 0.97,
    "f1-score": 0.9765100671140939,
    "support": 300.0
  },
  "6": {
    "precision": 1.0,
    "recall": 0.9918478260869565,
    "f1-score": 0.9959072305593452,
    "support": 368.0
  },
  "7": {
    "precision": 0.9848484848484849,
    "recall": 0.9730538922155688,
    "f1-score": 0.9789156626506025,
    "support": 334.0
  },
  "8": {
    "precision": 0.9761273209549072,
    "recall": 0.9533678756476683,
    "f1-score": 0.9646133682830931,
    "support": 386.0
  },
  "9": {
    "precision": 0.6506024096385542,
    "recall": 0.7803468208092486,
    "f1-score": 0.7095926412614981,
    "support": 346.0
  },
  "10": {
    "precision": 0.85,
    "recall": 0.6948228882833788,
    "f1-score": 0.7646176911544228,
    "support": 367.0
  },
  "11": {
    "precision": 0.9970501474926253,
    "recall": 0.9970501474926253,
    "f1-score": 0.9970501474926253,
    "support": 339.0
  },
  "12": {
    "precision": 0.8654353562005277,
    "recall": 0.9318181818181818,
    "f1-score": 0.8974008207934335,
    "support": 352.0
  },
  "13": {
    "precision": 0.9186991869918699,
    "recall": 0.9416666666666667,
    "f1-score": 0.9300411522633746,
    "support": 360.0
  },
  "14": {
    "precision": 0.9942857142857143,
    "recall": 0.9508196721311475,
    "f1-score": 0.9720670391061452,
    "support": 366.0
  },
  "15": {
    "precision": 0.9946380697050938,
    "recall": 0.9763157894736842,
    "f1-score": 0.9853917662682603,
    "support": 380.0
  },
  "16": {
    "precision": 0.7559055118110236,
    "recall": 0.5680473372781065,
    "f1-score": 0.6486486486486487,
    "support": 338.0
  },
  "17": {
    "precision": 0.6756756756756757,
    "recall": 0.843558282208589,
    "f1-score": 0.7503410641200546,
    "support": 326.0
  },
  "accuracy": 0.9164232392080494,
  "macro avg": {
    "precision": 0.9208957038950183,
    "recall": 0.9178842699120432,
    "f1-score": 0.9172481156454434,
    "support": 6162.0
  },
  "weighted avg": {
    "precision": 0.920321857972735,
    "recall": 0.9164232392080494,
    "f1-score": 0.9162242014050285,
    "support": 6162.0
  }
}