{
  "0": {
    "precision": 0.9836956521739131,
    "recall": 0.9917808219178083,
    "f1-score": 0.9877216916780355,
    "support": 365.0
  },
  "1": {
    "precision": 0.9928057553956835,
    "recall": 1.0,
    "f1-score": 0.996389891696751,
    "support": 276.0
  },
  "2": {
    "precision": 1.0,
    "recall": 0.9907834101382489,
    "f1-score": 0.9953703703703703,
    "support": 217.0
  },
  "3": {
    "precision": 0.955503512880562,
    "recall": 0.9902912621359223,
    "f1-score": 0.9725864123957092,
    "support": 412.0
  },
  "4": {
    "precision": 0.9938650306748467,
    "recall": 0.9818181818181818,
    "f1-score": 0.9878048780487805,
    "support": 330.0
  },
  "5": {
    "precision": 0.9829351535836177,
    "recall": 0.96,
    "f1-score": 0.9713322091062394,
    "support": 300.0
  },
  "6": {
    "precision": 1.0,
    "recall": 0.9918478260869565,
    "f1-score": 0.9959072305593452,
    "support": 368.0
  },
  "7": {
    "precision": 0.9674556213017751,
    "recall": 0.9790419161676647,
    "f1-score": 0.9732142857142856,
    "support": 334.0
  },
  "8": {
    "precision": 0.9790575916230366,
    "recall": 0.9689119170984456,
    "f1-score": 0.9739583333333333,
    "support": 386.0
  },
  "9": {
    "precision": 0.9533527696793003,
    "recall": 0.9450867052023122,
    "f1-score": 0.9492017416545718,
    "support": 346.0
  },
  "10": {
    "precision": 0.9831932773109243,
    "recall": 0.9564032697547684,
    "f1-score": 0.9696132596685083,
    "support": 367.0
  },
  "11": {
    "precision": 0.9970414201183432,
    "recall": 0.9941002949852508,
    "f1-score": 0.9955686853766617,
    "support": 339.0
  },
  "12": {
    "precision": 0.9371584699453552,
    "recall": 0.9744318181818182,
    "f1-score": 0.9554317548746518,
    "support": 352.0
  },
  "13": {
    "precision": 0.9696969696969697,
    "recall": 0.9777777777777777,
    "f1-score": 0.9737206085753803,
    "support": 360.0
  },
  "14": {
    "precision": 0.9887323943661972,
    "recall": 0.9590163934426229,
    "f1-score": 0.9736477115117891,
    "support": 366.0
  },
  "15": {
    "precision": 0.992,
    "recall": 0.9789473684210527,
    "f1-score": 0.985430463576159,
    "support": 380.0
  },
  "16": {
    "precision": 0.9589442815249267,
    "recall": 0.9674556213017751,
    "f1-score": 0.9631811487481591,
    "support": 338.0
  },
  "17": {
    "precision": 0.9487951807228916,
    "recall": 0.9662576687116564,
    "f1-score": 0.9574468085106383,
    "support": 326.0
  },
  "accuracy": 0.9759818240830899,
  "macro avg": {
    "precision": 0.9769018378332414,
    "recall": 0.9763306807301255,
    "f1-score": 0.9765293047444094,
    "support": 6162.0
  },
  "weighted avg": {
    "precision": 0.9762348812628373,
    "recall": 0.9759818240830899,
    "f1-score": 0.9760169097301791,
    "support": 6162.0
  }
}