{
  "0": {
    "precision": 0.9944903581267218,
    "recall": 0.989041095890411,
    "f1-score": 0.9917582417582418,
    "support": 365.0
  },
  "1": {
    "precision": 0.9928057553956835,
    "recall": 1.0,
    "f1-score": 0.996389891696751,
    "support": 276.0
  },
  "2": {
    "precision": 1.0,
    "recall": 0.9907834101382489,
    "f1-score": 0.9953703703703703,
    "support": 217.0
  },
  "3": {
    "precision": 0.9714285714285714,
    "recall": 0.9902912621359223,
    "f1-score": 0.9807692307692307,
    "support": 412.0
  },
  "4": {
    "precision": 0.993920972644377,
    "recall": 0.990909090909091,
    "f1-score": 0.9924127465857361,
    "support": 330.0
  },
  "5": {
    "precision": 0.9863945578231292,
    "recall": 0.9666666666666667,
    "f1-score": 0.9764309764309764,
    "support": 300.0
  },
  "6": {
    "precision": 1.0,
    "recall": 0.9945652173913043,
    "f1-score": 0.9972752043596731,
    "support": 368.0
  },
  "7": {
    "precision": 0.9733727810650887,
    "recall": 0.9850299401197605,
    "f1-score": 0.9791666666666667,
    "support": 334.0
  },
  "8": {
    "precision": 0.9763779527559056,
    "recall": 0.9637305699481865,
    "f1-score": 0.9700130378096481,
    "support": 386.0
  },
  "9": {
    "precision": 0.968299711815562,
    "recall": 0.9710982658959537,
    "f1-score": 0.9696969696969696,
    "support": 346.0
  },
  "10": {
    "precision": 0.9917355371900827,
    "recall": 0.9809264305177112,
    "f1-score": 0.9863013698630138,
    "support": 367.0
  },
  "11": {
    "precision": 0.9970501474926253,
    "recall": 0.9970501474926253,
    "f1-score": 0.9970501474926253,
    "support": 339.0
  },
  "12": {
    "precision": 0.9442896935933147,
    "recall": 0.9630681818181818,
    "f1-score": 0.9535864978902954,
    "support": 352.0
  },
  "13": {
    "precision": 0.9752747252747253,
    "recall": 0.9861111111111112,
    "f1-score": 0.9806629834254144,
    "support": 360.0
  },
  "14": {
    "precision": 0.9833795013850416,
    "recall": 0.9699453551912568,
    "f1-score": 0.9766162310866575,
    "support": 366.0
  },
  "15": {
    "precision": 1.0,
    "recall": 0.9921052631578947,
    "f1-score": 0.9960369881109644,
    "support": 380.0
  },
  "16": {
    "precision": 0.9766081871345029,
    "recall": 0.9881656804733728,
    "f1-score": 0.9823529411764705,
    "support": 338.0
  },
  "17": {
    "precision": 0.9754601226993865,
    "recall": 0.9754601226993865,
    "f1-score": 0.9754601226993865,
    "support": 326.0
  },
  "accuracy": 0.9827977929243752,
  "macro avg": {
    "precision": 0.9833826986569287,
    "recall": 0.9830526561976158,
    "f1-score": 0.9831861454382828,
    "support": 6162.0
  },
  "weighted avg": {
    "precision": 0.9829001311314858,
    "recall": 0.9827977929243752,
    "f1-score": 0.9828167642467432,
    "support": 6162.0
  }
}