{
  "0": {
    "precision": 0.9058171745152355,
    "recall": 0.8958904109589041,
    "f1-score": 0.9008264462809917,
    "support": 365.0
  },
  "1": {
    "precision": 0.9963768115942029,
    "recall": 0.9963768115942029,
    "f1-score": 0.9963768115942029,
    "support": 276.0
  },
  "2": {
    "precision": 0.9907834101382489,
    "recall": 0.9907834101382489,
    "f1-score": 0.9907834101382489,
    "support": 217.0
  },
  "3": {
    "precision": 0.8364611260053619,
    "recall": 0.7572815533980582,
    "f1-score": 0.7949044585987262,
    "support": 412.0
  },
  "4": {
    "precision": 0.8942598187311178,
    "recall": 0.896969696969697,
    "f1-score": 0.8956127080181542,
    "support": 330.0
  },
  "5": {
    "precision": 0.9825783972125436,
    "recall": 0.94,
    "f1-score": 0.9608177172061328,
    "support": 300.0
  },
  "6": {
    "precision": 0.9972602739726028,
    "recall": 0.9891304347826086,
    "f1-score": 0.9931787175989085,
    "support": 368.0
  },
  "7": {
    "precision": 0.9701492537313433,
    "recall": 0.9730538922155688,
    "f1-score": 0.9715994020926756,
    "support": 334.0
  },
  "8": {
    "precision": 0.7396593673965937,
    "recall": 0.7875647668393783,
    "f1-score": 0.7628607277289836,
    "support": 386.0
  },
  "9": {
    "precision": 0.6066176470588235,
    "recall": 0.476878612716763,
    "f1-score": 0.5339805825242718,
    "support": 346.0
  },
  "10": {
    "precision": 0.73224043715847,
    "recall": 0.7302452316076294,
    "f1-score": 0.7312414733969987,
    "support": 367.0
  },
  "11": {
    "precision": 0.9970414201183432,
    "recall": 0.9941002949852508,
    "f1-score": 0.9955686853766617,
    "support": 339.0
  },
  "12": {
    "precision": 0.8221649484536082,
    "recall": 0.90625,
    "f1-score": 0.8621621621621621,
    "support": 352.0
  },
  "13": {
    "precision": 0.9400544959128065,
    "recall": 0.9583333333333334,
    "f1-score": 0.9491059147180193,
    "support": 360.0
  },
  "14": {
    "precision": 0.9859154929577465,
    "recall": 0.9562841530054644,
    "f1-score": 0.9708737864077669,
    "support": 366.0
  },
  "15": {
    "precision": 0.6336842105263157,
    "recall": 0.7921052631578948,
    "f1-score": 0.704093567251462,
    "support": 380.0
  },
  "16": {
    "precision": 0.618421052631579,
    "recall": 0.5562130177514792,
    "f1-score": 0.5856697819314641,
    "support": 338.0
  },
  "17": {
    "precision": 0.6920821114369502,
    "recall": 0.7239263803680982,
    "f1-score": 0.7076461769115442,
    "support": 326.0
  },
  "accuracy": 0.8453424212917884,
  "macro avg": {
    "precision": 0.8523093027528829,
    "recall": 0.8511881813234767,
    "f1-score": 0.850405696107632,
    "support": 6162.0
  },
  "weighted avg": {
    "precision": 0.8458918341455596,
    "recall": 0.8453424212917884,
    "f1-score": 0.8441889494126839,
    "support": 6162.0
  }
}